<?xml version="1.0" encoding="UTF-8"?>
<project-private xmlns="http://www.netbeans.org/ns/project-private/1">
    <editor-bookmarks xmlns="http://www.netbeans.org/ns/editor-bookmarks/2" lastBookmarkId="0"/>
    <open-files xmlns="http://www.netbeans.org/ns/projectui-open-files/2">
        <group>
            <file>file:/C:/Users/cuvil/Documents/NetBeansProjects/InterfazCRUD/src/interfazcrud/CocheFichero.java</file>
            <file>file:/C:/Users/cuvil/Documents/NetBeansProjects/InterfazCRUD/src/interfazcrud/PersonalFichero.java</file>
            <file>file:/C:/Users/cuvil/Documents/NetBeansProjects/InterfazCRUD/src/interfazcrud/ClientesFichero.java</file>
            <file>file:/C:/Users/cuvil/Documents/NetBeansProjects/InterfazCRUD/src/interfazcrud/GestionXMLCoche.java</file>
            <file>file:/C:/Users/cuvil/Documents/NetBeansProjects/InterfazCRUD/src/interfazcrud/ConcesionarioFichero.java</file>
            <file>file:/C:/Users/cuvil/Documents/NetBeansProjects/InterfazCRUD/src/interfazcrud/Concesionario.java</file>
            <file>file:/C:/Users/cuvil/Documents/NetBeansProjects/InterfazCRUD/src/interfazcrud/Interfaz.java</file>
            <file>file:/C:/Users/cuvil/Documents/NetBeansProjects/InterfazCRUD/src/interfazcrud/Coche.java</file>
            <file>file:/C:/Users/cuvil/Documents/NetBeansProjects/InterfazCRUD/src/interfazcrud/Clientes.java</file>
            <file>file:/C:/Users/cuvil/Documents/NetBeansProjects/InterfazCRUD/src/interfazcrud/Personal.java</file>
            <file>file:/C:/Users/cuvil/Documents/NetBeansProjects/InterfazCRUD/src/interfazcrud/LeerXML.java</file>
        </group>
    </open-files>
</project-private>
