<?xml version="1.0" encoding="UTF-8" standalone="no"?><coches><coches><nombre>Seat</nombre><modelo>ibiza</modelo><identificador>1</identificador><año>2019</año></coches><coches><nombre>audi</nombre><modelo>A1</modelo><identificador>2</identificador><año>2008</año></coches><coches><nombre>vw</nombre><modelo>polo</modelo><identificador>3</identificador><año>1994</año></coches><coches><nombre>skoda</nombre><modelo>fabia</modelo><identificador>4</identificador><año>2019</año></coches><coches><nombre>cupra</nombre><modelo>ateca</modelo><identificador>5</identificador><año>2018</año></coches><coches><nombre>seat</nombre><modelo>arona</modelo><identificador>1200</identificador><año>0</año></coches><coches><nombre>opel</nombre><modelo>calibra</modelo><identificador>1211</identificador><año>0</año></coches><coches><nombre>audi</nombre><modelo>s1</modelo><identificador>1911</identificador><año>0</año></coches><coches><nombre>seat</nombre><modelo>arona</modelo><identificador>1200</identificador><año>0</año></coches><coches><nombre>seat</nombre><modelo>arona</modelo><identificador>1200</identificador><año>0</año></coches></coches>